{
	"AutoRestart": true,
	"AutoUpdates": true,
	"BackgroundGCPeriod": 0,
	"Blacklist": [],
	"ConnectionTimeout": 60,
	"CurrentCulture": "zh-CN",
	"Debug": false,
	"FarmingDelay": 15,
	"GiftsLimiterDelay": 1,
	"Headless": false,
	"IdleFarmingPeriod": 8,
	"InventoryLimiterDelay": 3,
	"IPCHost": "127.0.0.1",
	"IPCPort": 1242,
	"LoginLimiterDelay": 10,
	"MaxFarmingTime": 10,
	"MaxTradeHoldDuration": 15,
	"OptimizationMode": 0,
	"Statistics": true,
	"SteamOwnerID": 0,
	"SteamProtocols": 1,
	"UpdateChannel": 1
}